date;cases_esp;cases_14d_esp;cases_14d_100k_hab_esp;cases_uk;cases_14d_uk;cases_14d_100k_hab_uk;cases_fr;cases_14d_fr;cases_14d_100k_hab_fr;cases_gr;cases_14d_gr;cases_14d_100k_hab_gr;cases_it;cases_14d_it;cases_14d_100k_hab_it;cases_nt;cases_14d_nt;cases_14d_100k_hab_nt;cases_pt;cases_14d_pt;cases_14d_100k_hab_pt
01/02/2020;16;0;0;0;0;0;1;0;0;3;0;0;0;0;0;0;0;0;0;0;0
02/02/2020;10;0;0;0;0;0;0;0;0;2;0;0;0;0;0;0;0;0;0;0;0
03/02/2020;11;0;0;0;0;0;0;0;0;2;0;0;0;0;0;0;0;0;0;0;0
04/02/2020;9;0;0;0;0;0;0;0;0;0;0;0;0;0;0;0;0;0;0;0;0
05/02/2020;6;0;0;0;0;0;0;0;0;0;0;0;0;0;0;0;0;0;0;0;0
06/02/2020;9;0;0;1;0;0;0;0;0;0;0;0;0;0;0;0;0;0;0;0;0
07/02/2020;16;0;0;0;0;0;0;0;0;1;0;0;1;0;0;0;0;0;0;0;0
08/02/2020;9;0;0;0;0;0;5;0;0;0;0;0;0;0;0;0;0;0;0;0;0
09/02/2020;3;0;0;1;0;0;0;0;0;1;0;0;0;0;0;0;0;0;0;0;0
10/02/2020;22;0;0;4;0;0;0;0;0;0;0;0;0;0;0;0;0;0;0;0;0
11/02/2020;13;0;0;0;0;0;0;0;0;2;0;0;0;0;0;0;0;0;0;0;0
12/02/2020;23;0;0;0;0;0;0;0;0;0;0;0;0;0;0;0;0;0;0;0;0
13/02/2020;24;0;0;1;0;0;0;0;0;0;0;0;0;0;0;0;0;0;0;0;0
14/02/2020;19;190;0.400414788;0;7;0.010311403;0;6;0.009160945;0;11;0.013129007;0;1;0.001653936;0;0;0;0;0;0
15/02/2020;35;209;0.440456266;0;7;0.010311403;1;6;0.009160945;0;8;0.009548369;0;1;0.001653936;0;0;0;0;0;0
16/02/2020;23;222;0.467853068;0;7;0.010311403;0;6;0.009160945;0;6;0.007161277;0;1;0.001653936;0;0;0;0;0;0
17/02/2020;27;238;0.501572208;0;7;0.010311403;0;6;0.009160945;0;4;0.004774185;0;1;0.001653936;0;0;0;0;0;0
18/02/2020;27;256;0.53950624;0;7;0.010311403;0;6;0.009160945;0;4;0.004774185;0;1;0.001653936;0;0;0;0;0;0
19/02/2020;17;267;0.562688149;0;7;0.010311403;0;6;0.009160945;0;4;0.004774185;0;1;0.001653936;0;0;0;0;0;0
20/02/2020;53;311;0.655415784;0;6;0.008838345;0;6;0.009160945;0;4;0.004774185;0;1;0.001653936;0;0;0;0;0;0
21/02/2020;59;354;0.746035973;0;6;0.008838345;0;6;0.009160945;0;3;0.003580638;17;17;0.028116915;0;0;0;0;0;0
22/02/2020;58;403;0.849300839;0;6;0.008838345;0;1;0.001526824;0;3;0.003580638;42;59;0.097582233;0;0;0;0;0;0
23/02/2020;73;473;0.996822076;0;5;0.007365288;0;1;0.001526824;0;2;0.002387092;93;152;0.251398296;0;0;0;0;0;0
24/02/2020;107;558;1.175955008;4;5;0.007365288;0;1;0.001526824;0;2;0.002387092;74;226;0.373789571;0;0;0;0;0;0
25/02/2020;129;674;1.420418773;0;5;0.007365288;2;3;0.004580473;1;1;0.001193546;93;319;0.527605633;0;0;0;0;0;0
26/02/2020;146;797;1.679634662;0;5;0.007365288;4;7;0.01068777;10;11;0.013129007;131;450;0.74427127;0;0;0;0;0;0
27/02/2020;180;953;2.008396277;0;4;0.00589223;20;27;0.041224255;19;30;0.035806384;202;652;1.078366373;1;1;0.005836052;0;0;0
28/02/2020;317;1251;2.636415259;6;10;0.014730575;19;46;0.070233915;2;32;0.038193476;233;885;1.463733497;0;1;0.005836052;0;0;0
29/02/2020;243;1459;3.074764079;4;14;0.020622805;43;88;0.134360534;31;63;0.075193406;240;1125;1.860678174;5;6;0.035016311;0;0;0
01/03/2020;690;2126;4.480430728;12;26;0.038299496;30;118;0.180165261;51;114;0.136064259;566;1691;2.796806038;4;10;0.058360518;0;0;0
02/03/2020;801;2900;6.111594126;5;31;0.045664784;61;179;0.27330154;29;143;0.170677097;342;2033;3.362452202;8;18;0.105048932;2;2;0.019614172
03/03/2020;800;3673;7.740650078;11;42;0.061868416;21;200;0.30536485;37;180;0.214838304;466;2499;4.133186451;6;24;0.140065242;0;2;0.019614172
04/03/2020;953;4609;9.713219768;34;76;0.111952373;76;276;0.421403493;66;246;0.293612349;587;3086;5.104046973;14;38;0.221769967;3;5;0.049035429
05/03/2020;1284;5840;12.3074861;29;105;0.154671041;138;414;0.632105239;220;466;0.556192498;769;3855;6.375923876;44;82;0.478556245;3;8;0.078456686
06/03/2020;1625;7406;15.60774693;46;151;0.222431688;190;604;0.922201846;188;654;0.780579171;778;4616;7.63456929;46;128;0.747014626;5;13;0.127492115
07/03/2020;1865;9213;19.4159023;46;197;0.290192334;332;936;1.429107497;129;783;0.934546622;1247;5821;9.627562356;60;188;1.097177732;7;20;0.196141716
08/03/2020;2192;11332;23.88158091;65;262;0.385941074;177;1113;1.699355389;241;1024;1.22219124;1492;7220;11.94141904;77;265;1.546553718;10;30;0.294212574
09/03/2020;3408;14633;30.83826098;50;308;0.453701721;286;1399;2.136027124;136;1160;1.384513515;1797;8943;14.79115103;56;321;1.873372617;0;30;0.294212574
10/03/2020;4665;19169;40.39763717;52;360;0.530300712;372;1769;2.700952096;281;1440;1.718706432;977;9827;16.25323059;61;382;2.229371775;11;41;0.402090518
11/03/2020;4740;23763;50.07924525;83;443;0.652564488;510;2275;3.473525165;451;1881;2.245060277;2313;12009;19.86211928;121;503;2.935534038;18;59;0.578618062
12/03/2020;5938;29521;62.21392076;134;577;0.849954197;0;2255;3.44298868;170;2032;2.425285743;2651;14458;23.91260892;0;502;2.929697987;0;59;0.578618062
13/03/2020;7803;37007;77.99026339;207;778;1.146038762;1388;3624;5.533211076;1597;3627;4.328991825;2547;16772;27.73981719;303;805;4.698021672;53;112;1.098393609
14/03/2020;7465;44229;93.21024021;264;1038;1.529033721;815;4396;6.711919396;910;4506;5.378118876;3497;20029;33.12668724;156;956;5.579265489;57;169;1.6573975
15/03/2020;7933;51472;108.4744734;330;1356;1.997466017;36;4402;6.721080342;1210;5665;6.761438845;3590;23053;38.12819017;176;1128;6.583066392;76;245;2.40273602
16/03/2020;9473;60144;126.7502473;152;1503;2.214005475;2151;6492;9.912143021;1477;7113;8.489693646;3233;25944;42.9097196;278;1398;8.158800369;86;329;3.226531227
17/03/2020;8834;68178;143.6814705;407;1899;2.797336258;1032;7503;11.45576234;1985;9061;10.81472151;3526;29004;47.97076423;295;1687;9.84541933;117;446;4.373960265
18/03/2020;8966;76191;160.5684373;676;2541;3.743039196;1409;8836;13.49101906;3070;12065;14.4001341;4207;32624;53.95801311;347;2020;11.78882457;0;443;4.344539008
19/03/2020;8659;83566;176.1108534;643;3155;4.647496522;1846;10544;16.09883488;2993;14838;17.70983752;5322;37177;61.48838442;409;2385;13.91898346;337;777;7.620105664
20/03/2020;10660;92601;195.1516302;714;3823;5.631498955;1788;12142;18.53870002;4528;19178;22.88982774;5986;42385;70.10208392;536;2875;16.77864883;235;1007;9.875735397
21/03/2020;7425;98161;206.8690314;1035;4812;7.088352857;1705;13515;20.63502972;2365;21414;25.5585969;6557;47695;78.8844849;637;3452;20.1460507;260;1260;12.3569281
22/03/2020;6775;102744;216.5274575;665;5412;7.972187377;2295;15633;23.86884348;2660;23833;28.44578499;5560;51763;85.61269718;577;3952;23.06407658;320;1570;15.3971247
23/03/2020;8265;107601;226.763324;967;6329;9.322981137;3365;18712;28.56993534;4183;27880;33.27606619;4789;54755;90.56127415;547;4443;25.929578;460;2030;19.90838417
24/03/2020;7125;110061;231.9476418;1427;7704;11.34843525;2249;20589;31.43578445;3930;31529;37.63131603;5249;59027;97.6268894;816;5198;30.33579708;302;2321;22.76224613
25/03/2020;6945;112266;236.5945607;1452;9073;13.36505101;2962;23041;35.17955751;4337;35415;42.26943631;5210;61924;102.4183424;858;5935;34.63696723;633;2936;28.7936039
26/03/2020;6357;112685;237.4775807;2129;11068;16.30380079;3918;26959;41.16165491;6615;41860;49.96184114;6203;65476;108.2931237;1030;6965;40.64810055;549;3485;34.177694
27/03/2020;6062;110944;233.8085168;2890;13751;20.25601416;3795;29366;44.83672088;6933;47196;56.3306033;5909;68838;113.853657;1179;7841;45.7604819;724;4156;40.75824857
28/03/2020;5362;108841;229.3765573;2556;16043;23.63226203;4645;33196;50.68445775;6824;53110;63.38923514;5974;71315;117.9504569;1172;8857;51.68991049;902;5001;49.04523607
29/03/2020;4245;105153;221.6042956;2502;18215;26.83174299;2603;35763;54.6038156;4400;56300;67.1966473;5217;72942;120.641411;1111;9792;57.1466189;792;5717;56.0671095
30/03/2020;5153;100833;212.5001278;2665;20728;30.53353658;4354;37966;57.96740942;4790;59613;71.15086564;4050;73759;121.9926768;887;10401;60.70077442;446;6077;59.59766038
31/03/2020;4418;96417;203.1936451;3250;23571;34.72143915;7629;44563;68.03986898;4923;62551;74.65750418;4053;74286;122.8643012;850;10956;63.93978315;1035;6995;68.60056514
01/04/2020;5490;92941;195.868162;4567;27462;40.45310602;4844;47998;73.28451028;6064;65545;78.2309813;4782;74861;123.8153145;1029;11638;67.91997046;808;7803;76.52469047
02/04/2020;4452;88734;187.0021356;4522;31341;46.16709619;2106;48258;73.68148458;6922;69474;82.92042406;4668;74207;122.7336402;1092;12321;71.90599381;783;8249;80.89865073
03/04/2020;4464;82538;173.9443986;4672;35299;51.99745792;5224;51694;78.9276527;6365;71311;85.11296831;4585;72806;120.4164757;1033;12818;74.80651154;852;8866;86.94962267
04/04/2020;3669;78782;166.0288305;4000;38264;56.36507351;-17074;32915;50.25542014;4933;73879;88.17799478;4805;71054;117.5187795;906;13087;76.37640946;638;9244;90.6567011
05/04/2020;3219;75226;158.5347516;6199;43798;64.5169739;855;31475;48.05679322;4031;75250;89.81434652;4316;69810;115.461283;1226;13736;80.16400706;754;9678;94.91297633
06/04/2020;3536;70497;148.5686383;4143;46974;69.19540463;2654;30764;46.97122118;3251;74318;88.70196153;3599;68620;113.4930989;973;14162;82.65016511;452;9670;94.83451965
07/04/2020;3202;66574;140.3011267;3888;49435;72.82059922;-3491;25024;38.20724999;4289;74677;89.13044459;3039;66410;109.8379;783;14129;82.45757541;712;10080;98.85542482
08/04/2020;3480;63109;132.9988254;5865;53848;79.32120213;3855;25917;39.57070405;5633;75973;90.67728038;3836;65036;107.5653918;973;14244;83.12872136;699;10146;99.50269249
09/04/2020;3289;60041;126.5331803;4675;56394;83.07160661;3784;25783;39.3661096;4885;74243;88.61244557;4204;63037;104.2591734;1221;14435;84.24340725;815;10412;102.1113773
10/04/2020;3178;57157;120.4553053;5706;59210;87.21973663;1565;23553;35.96129152;3990;71300;85.0998393;3951;61079;101.0207664;1346;14602;85.21802789;1516;11204;109.8785893
11/04/2020;2888;54683;115.2414833;5234;61888;91.1645847;1445;20353;31.07545393;2737;67213;80.22181625;4694;59799;98.90372811;1322;14752;86.09343566;515;10817;106.0832471
12/04/2020;2267;52705;111.0729546;5288;64674;95.268523;50746;68496;104.5813537;2946;65759;78.48640017;4092;58674;97.04304994;1175;14816;86.46694297;598;10623;104.1806724
13/04/2020;2199;49751;104.8475584;4342;66351;97.73884048;3141;67283;102.7293159;2218;63187;75.41659952;3153;57777;95.55946921;964;14893;86.91631895;349;10526;103.2293851
14/04/2020;2269;47602;100.3186564;5252;68353;100.6879017;17448;77102;117.7212032;1287;59551;71.07686578;2972;56696;93.77156423;870;14913;87.03303999;514;10005;98.11989339
15/04/2020;2388;44500;93.78135814;4605;68391;100.7438779;3208;75466;115.2233187;3394;56881;67.8900976;2667;54581;90.27348926;736;14620;85.32307682;643;9840;96.50172423
16/04/2020;2297;42345;89.23981147;4618;68487;100.8852914;12578;85938;131.2122223;2945;52904;63.14336463;3786;53699;88.81471757;1067;14595;85.17717553;750;9807;96.1780904
17/04/2020;1916;39797;83.87003843;5599;69414;102.2508157;1891;82605;126.123317;3699;50238;59.96137064;3493;52607;87.00861929;1236;14798;86.36189404;181;9136;89.59753583
18/04/2020;1681;37809;79.68043528;5526;70940;104.4987015;3806;103485;158.0034074;1945;47250;56.39505479;3491;51293;84.83534718;1147;15039;87.76838251;663;9161;89.84271298
19/04/2020;1150;35740;75.32012899;5850;70591;103.9846044;1092;103722;158.3652647;1842;45061;53.78238231;3047;50024;82.7365022;1072;14885;86.86963054;521;8928;87.55766199
20/04/2020;1490;33694;71.00829396;4676;71124;104.7697441;2447;103515;158.0492121;1881;43691;52.14722411;2256;48681;80.51526595;750;14662;85.568191;657;9133;89.56811458
21/04/2020;1337;31829;67.0779067;4301;71537;105.3781169;2666;109672;167.449869;1226;40628;48.4913923;2729;48371;80.00254574;729;14608;85.2530442;516;8937;87.64592576
22/04/2020;1480;29829;62.8630142;4451;70123;103.2952135;1800;107617;164.3122451;2357;37352;44.58133517;3370;47905;79.23181149;715;14350;83.74734285;603;8841;86.70444552
23/04/2020;1188;27728;58.43526963;4583;70031;103.1596922;-1710;102123;155.9238727;2481;34948;41.71205026;2646;46347;76.65497896;889;14018;81.80977366;371;8397;82.35009943
24/04/2020;1135;25685;54.12975694;5386;69711;102.6883138;2811;103369;157.8262957;1870;32828;39.18173246;3021;45417;75.11681834;808;13480;78.66997781;444;7325;71.83690346
25/04/2020;766;23563;49.657756;4913;69390;102.2154623;1678;103602;158.1820458;1514;31605;37.72202554;2357;43080;71.25156954;655;12813;74.77733128;595;7405;72.62147032
26/04/2020;564;21860;46.06877503;4463;68565;101.0001899;633;53489;81.66830223;1257;29916;35.70612612;2324;41312;68.32741042;656;12294;71.74842041;472;7279;71.38577751
27/04/2020;708;20369;42.92657267;4310;68533;100.953052;3686;54034;82.50042144;988;28686;34.23806438;1739;39898;65.9887447;400;11730;68.45688722;163;7093;69.56165955
28/04/2020;865;18965;39.96771814;3996;67277;99.10289176;3132;39718;60.6424055;1154;28553;34.07932274;2091;39017;64.53162695;172;11032;64.38332309;295;6874;67.41390776
29/04/2020;759;17336;36.5346882;4076;66748;98.32364432;-1455;35055;53.52282403;1627;26786;31.97032672;2086;38436;63.57069004;386;10682;62.34070497;183;6414;62.9026483
30/04/2020;756;15795;33.28711352;6032;68162;100.4065477;1218;23695;36.17810057;1470;25311;30.20984618;1872;36522;60.40505624;514;10129;59.11336834;540;6204;60.84316028
01/05/2020;743;14622;30.81507907;6201;68764;101.2933283;526;22330;34.09398547;1068;22680;27.0696263;1965;34994;57.8778418;477;9370;54.68380505;306;6329;62.069046
02/05/2020;668;13609;28.68023602;4806;68044;100.2327269;792;19316;29.49213718;890;21625;25.81043513;1900;33403;55.24642938;445;8668;50.58689671;-161;5505;53.98800731
03/05/2020;459;12918;27.22399066;4339;66533;98.00693695;361;18585;28.37602866;697;20480;24.44382481;1389;31745;52.50420323;335;7931;46.28572656;92;5076;49.7807675
04/05/2020;523;11951;25.18609014;3985;65842;96.9890542;562;16700;25.49796495;488;19087;22.78121504;1221;30710;50.79237931;199;7380;43.07006203;242;4661;45.7108269
05/05/2020;324;10938;23.05124709;4406;65947;97.14372524;1117;15151;23.13291419;855;18716;22.33840943;1075;29056;48.05676891;318;6969;40.67144476;178;4323;42.3960319
06/05/2020;311;9769;20.58764242;6111;67607;99.58900074;4136;17487;26.69957563;1155;17514;20.90376698;1444;27130;44.87128788;232;6486;37.85263176;480;4200;41.18976034
07/05/2020;313;8894;18.74362695;5614;68638;101.1077231;741;19938;30.44182187;1268;16301;19.45599552;1401;25885;42.81213736;455;6052;35.31978529;533;4362;42.77850824
08/05/2020;325;8084;17.03659549;4649;67901;100.0220797;531;17658;26.96066258;1158;15589;18.60619067;1327;24191;40.01036952;319;5563;32.46595598;553;4471;43.84748059
09/05/2020;275;7593;16.00183938;3896;66884;98.52398015;529;16509;25.20634152;736;14811;17.67761178;1083;22917;37.90325486;289;5197;30.32996103;138;4014;39.36564239
10/05/2020;288;7317;15.42018421;3923;66344;97.72852908;249;16125;24.62004101;555;14109;16.83974239;802;21395;35.38596403;245;4786;27.93134375;175;3717;36.4529379
11/05/2020;588;7197;15.16729066;3877;65911;97.09069517;314;12753;19.47158964;697;13818;16.49242047;744;20400;33.74029756;161;4547;26.53652738;98;3652;35.81547733
12/05/2020;537;6869;14.47604829;3403;65318;96.21717205;753;10374;15.83927475;595;13259;15.82522818;1402;19711;32.60073555;196;4571;26.67659262;234;3591;35.21724509
13/05/2020;589;6699;14.11778243;3242;64484;94.98864206;521;12350;18.85627947;927;12559;14.98974589;888;18513;30.61932003;227;4412;25.74866039;219;3627;35.57030018
14/05/2020;530;6473;13.64149958;3446;61898;91.17931528;642;11774;17.9768287;380;11469;13.6887806;992;17633;29.16385622;270;4168;24.32466376;187;3274;32.1083989
15/05/2020;586;6316;13.31063052;3560;59257;87.28897033;513;11761;17.95697999;755;11156;13.31520066;789;16457;27.2188273;200;3891;22.70807742;264;3232;31.69650129
16/05/2020;338;5986;12.61517325;3451;57902;85.29297737;415;11384;17.38136724;519;10785;12.87239505;875;15432;25.52354274;190;3636;21.21988422;227;3620;35.50165058
17/05/2020;301;5828;12.28219675;3562;57125;84.14841167;140;11163;17.04393909;617;10705;12.77691136;675;14718;24.34263232;125;3426;19.99431335;226;3754;36.81580008
18/05/2020;557;5862;12.35384992;2684;55824;82.23196381;444;11045;16.86377382;182;10399;12.41168624;451;13948;23.06910149;146;3373;19.68500261;173;3685;36.13911116
19/05/2020;585;6123;12.90389339;2412;53830;79.29468709;501;10429;15.92325009;1227;10771;12.8556854;813;13686;22.63577021;108;3163;18.45943174;223;3730;36.58043002
20/05/2020;478;6290;13.25583691;2472;50191;73.93423072;482;6775;10.34423428;695;10311;12.30665418;665;12907;21.34735395;198;3129;18.26100598;228;3478;34.1090444
21/05/2020;514;6491;13.67943361;2615;47192;69.51653117;267;6301;9.62051959;548;9591;11.44730096;642;12148;20.09201641;253;2927;17.08212352;252;3197;31.35325329
22/05/2020;563;6729;14.18100582;3287;45830;67.51022681;756;6526;9.964055045;689;9122;10.88752783;652;11473;18.9756095;188;2796;16.31760074;288;2932;28.75437555
23/05/2020;335;6789;14.30745259;2959;44893;66.1299719;546;6543;9.990011058;276;8662;10.33849661;669;11059;18.29087993;177;2684;15.66396294;271;3065;30.05871796
24/05/2020;312;6813;14.3580313;2409;43379;63.8997628;-439;5855;8.939555975;342;8449;10.08427128;531;10788;17.84266324;172;2611;15.23793116;152;3042;29.83315499
25/05/2020;570;6795;14.32009727;1625;41127;60.58243723;325;5866;8.956351042;272;8024;9.577014173;300;10344;17.10831558;210;2660;15.5238977;165;3109;30.49022974
26/05/2020;564;6822;14.37699832;2004;39728;58.52162974;255;5368;8.195992566;600;8029;9.582981904;397;9339;15.44610975;133;2597;15.15622644;219;3094;30.34312345
27/05/2020;427;6660;14.03559203;2013;38499;56.71124203;172;5019;7.663130903;324;7426;8.863273585;584;9035;14.94331316;190;2560;14.94029252;285;3160;30.99039112
28/05/2020;517;6647;14.00819523;1887;36940;54.41474533;3343;7720;11.7870832;672;7718;9.211789056;593;8636;14.28339263;182;2472;14.42671997;304;3277;32.13782015
29/05/2020;496;6557;13.81852506;2095;35475;52.25671604;594;7801;11.91075596;726;7689;9.177176218;516;8363;13.83186806;176;2448;14.28665472;350;3363;32.98122953
30/05/2020;317;6536;13.77426869;2445;34469;50.77482016;1795;9181;14.01777343;267;7437;8.876402593;416;7904;13.07271137;132;2390;13.94816372;257;3393;33.27544211
31/05/2020;235;6470;13.63517724;1936;32843;48.37962861;231;9272;14.15671443;221;7041;8.403758324;333;7562;12.5070652;185;2450;14.29832683;297;3464;33.9717452
01/06/2020;436;6349;13.38017624;1570;31729;46.73864252;407;9235;14.10022193;184;7043;8.406145416;200;7311;12.09192723;104;2408;14.05321265;200;3491;34.23653651
02/06/2020;407;6171;13.00505081;1613;30930;45.56166955;-647;8087;12.3474277;285;6101;7.281824959;318;6816;11.27322883;103;2403;14.02403239;195;3463;33.96193811
03/06/2020;444;6137;12.93339764;1871;30329;44.67636197;-3226;4379;6.685963384;242;5648;6.74114856;321;6472;10.70427479;87;2292;13.37623065;366;3601;35.31531595
04/06/2020;402;6025;12.69736366;1805;29519;43.48318536;4360;8472;12.93525503;351;5451;6.506019972;177;6007;9.935194481;209;2248;13.11944437;331;3680;36.09007573
05/06/2020;483;5945;12.52876796;1650;27882;41.07179018;581;8297;12.66806079;452;5214;6.223149539;518;5873;9.713567036;210;2270;13.24783751;377;3769;36.96290637
06/06/2020;264;5874;12.37913927;1557;26480;39.00656352;572;8323;12.70775822;526;5464;6.521536072;270;5474;9.053646511;183;2276;13.28285382;382;3880;38.05149289
07/06/2020;233;5795;12.21265102;1326;25397;37.41124221;341;9103;13.89868113;300;5422;6.471407134;197;5140;8.501231835;239;2343;13.67386929;342;4070;39.91483919
08/06/2020;420;5645;11.89653408;1205;24977;36.79255804;274;9052;13.8208131;359;5509;6.575245648;280;5120;8.468153112;165;2298;13.41124696;192;4097;40.17963051
09/06/2020;362;5443;11.47082994;1387;24360;35.88368154;553;9350;14.27580672;397;5306;6.332955783;283;5006;8.27960439;164;2329;13.59216456;421;4299;42.16066184
10/06/2020;367;5383;11.34438317;1003;23350;34.39589343;625;9803;14.96745811;16;4998;5.965343574;202;4624;7.647800779;185;2324;13.5629843;294;4308;42.24892561
11/06/2020;326;5192;10.94186093;1266;22729;33.4811247;364;6824;10.41904867;169;4495;5.364989869;379;4410;7.293858442;164;2306;13.45793537;310;4314;42.30776812
12/06/2020;371;5067;10.67843015;1541;22175;32.66505083;802;7032;10.73662812;535;4304;5.137022557;163;4057;6.71001898;210;2340;13.65636113;270;4234;41.52320126
13/06/2020;168;4918;10.36442066;1425;21155;31.16253215;497;5734;8.754810241;41;4078;4.867281131;346;3987;6.594243449;179;2387;13.93065557;283;4260;41.77818549
14/06/2020;190;4873;10.26958558;1514;20733;30.54090187;390;5893;8.997575296;251;4108;4.903087515;338;3992;6.60251313;143;2345;13.68554139;227;4190;41.09168949
15/06/2020;329;4766;10.04408883;1056;20219;29.78375029;136;5622;8.583805925;164;4088;4.879216593;301;4093;6.769560681;165;2406;14.04154055;346;4336;42.52352401
16/06/2020;306;4665;9.831236758;1279;19885;29.29174908;663;6932;10.58394569;570;4373;5.219377241;210;3985;6.590935576;140;2443;14.25747446;300;4441;43.55326802
17/06/2020;305;4526;9.538301729;1115;19129;28.17811758;488;10646;16.25457095;352;4483;5.350667315;328;3992;6.60251313;117;2473;14.43255602;336;4411;43.25905545
18/06/2020;309;4433;9.342309228;1218;18542;27.31343281;586;6872;10.49233624;1213;5345;6.379504082;331;4146;6.857219297;115;2379;13.88396715;417;4497;44.10246482
19/06/2020;293;4243;8.94189444;1346;18238;26.86562332;787;7078;10.80686203;482;5375;6.415310466;-148;3480;5.755697818;107;2276;13.28285382;375;4495;44.08285065
20/06/2020;273;4252;8.960861457;1295;17976;26.47968224;619;7125;10.87862277;371;5220;6.230310815;264;3474;5.745774201;76;2169;12.65839628;377;4490;44.03381522
21/06/2020;250;4269;8.996688043;1221;17871;26.3250112;343;7127;10.88167642;602;5522;6.590761748;224;3501;5.790430478;91;2021;11.79466062;292;4440;43.54346093
22/06/2020;323;4172;8.792265757;958;17624;25.96116599;142;6995;10.68013562;496;5659;6.754277568;221;3442;5.692848244;65;1921;11.21105544;259;4507;44.20053568
23/06/2020;356;4166;8.779621079;874;17111;25.20548748;698;7140;10.90152513;712;5974;7.1302446;113;3272;5.411679098;64;1821;10.62745027;345;4431;43.45519716
24/06/2020;408;4207;8.866026375;653;16761;24.68991734;268;6783;10.35644888;391;6349;7.5778244;577;3647;6.031905156;82;1718;10.02633693;367;4504;44.17111443
25/06/2020;370;4251;8.95875401;1118;16613;24.47190482;255;6674;10.19002503;500;6680;7.97288817;296;3564;5.894628455;110;1664;9.711190139;311;4505;44.18092151
26/06/2020;415;4295;9.051481645;1006;16078;23.68381904;1263;7135;10.89389101;665;6810;8.128049167;255;3656;6.046790582;91;1545;9.016699979;451;4686;45.95600404
27/06/2020;323;4450;9.378135814;890;15543;22.89573326;448;7086;10.81907662;422;7191;8.582790244;175;3485;5.763967499;69;1435;8.374734285;323;4726;46.34828747
28/06/2020;279;4539;9.56569853;901;14930;21.99274899;-406;6290;9.603724523;235;7175;8.563693506;174;3321;5.49272197;73;1365;7.966210661;457;4956;48.60391721
29/06/2020;420;4630;9.757476139;815;14689;21.63774213;645;6799;10.38087807;349;7360;8.78449954;126;3146;5.203283143;78;1278;7.458474157;266;4876;47.81935034
30/06/2020;460;4784;10.08202286;689;14099;20.76863818;441;6577;10.04192308;376;7166;8.552951591;142;3078;5.090815484;50;1188;6.933229498;229;4805;47.12304725
01/07/2020;573;5052;10.64681846;829;13813;20.34734373;990;7079;10.80838885;475;7289;8.699757765;182;2932;4.849340806;62;1133;6.612246651;313;4782;46.89748428
02/07/2020;444;5187;10.9313237;576;13171;19.40164079;539;7032;10.73662812;477;6553;7.821307811;201;2802;4.634329105;78;1096;6.396312736;328;4693;46.02465364
03/07/2020;574;5468;11.5235161;544;12369;18.22024865;539;6784;10.3579757;410;6481;7.735372489;223;3173;5.247939419;75;1064;6.209559079;374;4692;46.01484655
04/07/2020;462;5657;11.92182344;624;11698;17.23182704;358;6523;9.959474573;418;6528;7.791469158;235;3144;5.19997527;63;1051;6.133690406;413;4728;46.36790164
05/07/2020;454;5861;12.35174247;516;10993;16.19332148;11;6191;9.452568922;325;6251;7.460856879;192;3112;5.147049313;73;1033;6.028641475;328;4764;46.72095673
06/07/2020;742;6280;13.23476245;343;10378;15.28739109;1018;7067;10.79006696;541;6296;7.514566455;208;3099;5.125548143;36;1004;5.859395973;232;4737;46.45616542
07/07/2020;830;6754;14.23369198;581;10085;14.85578524;454;6823;10.41752185;279;5863;6.997760979;137;3123;5.165242611;37;977;5.701822576;287;4679;45.88735444
08/07/2020;936;7282;15.3464236;630;10062;14.82190491;822;7377;11.26338248;356;5828;6.955986864;193;2739;4.530131128;52;947;5.526741023;443;4755;46.63269296
09/07/2020;951;7863;16.57084987;642;9586;14.12072953;444;7566;11.55195226;302;5630;6.71966473;214;2657;4.394508363;54;891;5.199922124;418;4862;47.68205114
10/07/2020;1168;8616;18.15775689;512;9092;13.3930391;715;7018;10.71525258;331;5296;6.321020322;276;2678;4.429241022;42;842;4.913955587;402;4813;47.20150394
11/07/2020;917;9210;19.40957997;820;9022;13.28992508;251;6821;10.4144682;377;5251;6.267310746;188;2691;4.450742192;81;854;4.983988208;542;5032;49.34925573
12/07/2020;893;9824;20.70355196;650;8771;12.92018764;16;7243;11.05878803;210;5226;6.237472092;234;2751;4.549978362;101;882;5.147397658;291;4866;47.72127948
13/07/2020;1440;10844;22.85314714;530;8486;12.50036624;1423;8021;12.2466573;261;5138;6.132440032;169;2794;4.621097616;71;875;5.106545295;306;4906;48.11356292
14/07/2020;1562;11946;25.17555291;398;8195;12.0717065;62;7642;11.66799091;276;5038;6.013085419;114;2766;4.574787404;54;879;5.129889503;233;4910;48.15279126
15/07/2020;1890;13263;27.95105962;538;7904;11.64304675;727;7379;11.26643613;434;4997;5.964150028;162;2746;4.541708681;109;926;5.404183936;375;4972;48.76083058
16/07/2020;1740;14559;30.68230996;642;7970;11.74026855;569;7409;11.31224086;560;5080;6.063214357;230;2775;4.589672829;101;949;5.538413126;339;4983;48.86870852
17/07/2020;2060;16045;33.81397509;687;8113;11.95091578;829;7699;11.75501989;595;5265;6.284020391;231;2783;4.602904319;110;984;5.742674938;312;4921;48.2606692
18/07/2020;1838;17421;36.71382113;827;8316;12.24994646;163;7504;11.45728916;381;5228;6.239859184;249;2797;4.626059425;127;1048;6.116182251;313;4821;47.27996062
19/07/2020;1639;18606;39.21114493;726;8526;12.55928854;4;7497;11.44660139;309;5212;6.220762446;218;2823;4.669061765;146;1121;6.54221403;246;4739;46.47577959
20/07/2020;2403;20267;42.71161316;557;8740;12.87452285;1911;8390;12.81005544;590;5261;6.279246207;190;2805;4.639290914;187;1272;7.423457847;135;4642;45.52449227
21/07/2020;2413;21850;46.04770057;445;8604;12.67418703;595;8531;13.02533766;392;5374;6.41411692;128;2796;4.624405489;165;1400;8.170472473;127;4482;43.95535854
22/07/2020;2461;23375;49.2615561;560;8534;12.571073;921;8630;13.17649326;559;5577;6.656406785;280;2883;4.768297934;168;1516;8.847454478;252;4291;42.08220515
23/07/2020;2305;24729;52.11503833;769;8661;12.75815131;1236;9422;14.38573807;605;5880;7.018051263;306;2975;4.92046006;165;1627;9.495256224;229;4102;40.22866594
24/07/2020;2550;26111;55.02752904;768;8917;13.13525404;1091;9798;14.95982399;742;6291;7.508598724;252;2951;4.880765592;197;1782;10.39984425;313;4013;39.3558353
25/07/2020;2127;27321;57.57753901;767;8864;13.05718199;88;9635;14.71095163;655;6569;7.840404549;274;3037;5.023004102;147;1848;10.78502366;263;3734;36.61965836
26/07/2020;1992;28420;59.89362244;745;8959;13.19712245;0;9619;14.68652245;389;6748;8.054049307;254;3057;5.056082825;294;2041;11.91138165;209;3652;35.81547733
27/07/2020;3046;30026;63.27818111;685;9114;13.42544637;2488;10684;16.31259027;445;6932;8.273661795;168;3056;5.054428889;146;2116;12.34908554;135;3481;34.13846566
28/07/2020;3178;31642;66.68381425;581;9297;13.6950159;564;11186;17.07905604;595;7251;8.654403012;202;3144;5.19997527;223;2285;13.33537829;111;3359;32.94200119
29/07/2020;3268;33020;69.58787519;763;9522;14.02645384;1470;11929;18.21348646;839;7656;9.137789196;288;3270;5.408371226;248;2424;14.14658948;203;3187;31.25518243
30/07/2020;3138;34418;72.53408505;846;9726;14.32695758;1389;12749;19.46548234;989;8085;9.649820487;382;3422;5.659769521;354;2677;15.62311058;255;3103;30.43138723
31/07/2020;3643;36001;75.87017246;880;9919;14.61125769;1308;13228;20.19683116;864;8354;9.970884397;379;3570;5.904552072;341;2908;16.97123854;204;2995;29.37222196
01/08/2020;3753;37916;79.90593203;761;9853;14.51403589;63;13128;20.04414873;606;8579;10.23943228;295;3616;5.980633135;431;3212;18.74539827;238;2920;28.63669052
02/08/2020;2885;39162;82.53181006;744;9871;14.54055092;3;13127;20.04262191;215;8485;10.12723894;238;3636;6.013711858;387;3453;20.15188675;153;2827;27.72463155
03/08/2020;4151;40910;86.2156261;898;10212;15.04286354;3360;14576;22.25499025;891;8786;10.48649633;159;3605;5.962439838;378;3644;21.26657264;106;2798;27.44022606
04/08/2020;4725;43222;91.08804183;670;10437;15.37430149;971;14952;22.82907616;717;9111;10.87439882;190;3667;6.064983879;493;3972;23.18079762;112;2783;27.29311977
05/08/2020;4646;45407;95.69281189;892;10769;15.86335659;1708;15739;24.03068685;1285;9837;11.74091331;384;3771;6.236993239;471;4275;24.9491213;167;2698;26.45951748
06/08/2020;4626;47728;100.5841946;950;10950;16.12998;1601;16104;24.5879777;926;10158;12.12404162;401;3866;6.394117174;715;4825;28.15894977;213;2682;26.3026041
07/08/2020;5376;50554;106.5398377;871;11053;16.28170493;2387;17400;26.56674192;1157;10573;12.61936327;552;4166;6.89029802;652;5280;30.81435333;290;2659;26.07704113
08/08/2020;4288;52715;111.0940291;758;11044;16.26844741;70;17382;26.53925909;707;10625;12.68142767;347;4239;7.01103536;600;5733;33.45808478;186;2582;25.32189553
09/08/2020;4106;54829;115.5491705;1062;11361;16.73540665;35;17417;26.59269794;385;10621;12.67665348;463;4448;7.356708016;643;6082;35.49486684;131;2504;24.55694283
10/08/2020;6150;57933;122.0906836;740;11416;16.81642482;4731;19660;30.01736472;1220;11396;13.60165173;259;4539;7.507216206;698;6634;38.71636742;157;2526;24.77269872
11/08/2020;6453;61208;128.9925701;1148;11983;17.65164844;1414;20510;31.31516534;1032;11833;14.12323139;412;4749;7.854542799;333;6744;39.35833311;120;2535;24.86096249
12/08/2020;6524;64464;135.8544151;1009;12229;18.01402059;2598;21638;33.03742309;1319;12313;14.69613354;476;4937;8.165482796;1327;7823;45.65543297;278;2610;25.59649393
13/08/2020;6293;67619;142.503408;1129;12512;18.43089587;2678;22927;35.00549954;1422;12746;15.21293901;522;5077;8.397033857;688;8157;47.60467426;325;2680;26.28298993
14/08/2020;7164;71140;149.9237263;1441;13073;19.25728115;2923;24542;37.47132071;1510;13392;15.98396982;574;5272;8.719551408;721;8537;49.82237393;235;2711;26.58700959
15/08/2020;5737;73124;154.1048996;1077;13389;19.72276733;3210;27689;42.27623662;697;13483;16.09258251;629;5606;9.271966083;762;8868;51.75410706;198;2671;26.19472616
16/08/2020;5043;75282;158.6527686;1040;13685;20.15879236;3003;30689;46.85670936;519;13787;16.45542054;477;5845;9.667256824;579;9060;52.874629;121;2639;25.88089942
17/08/2020;7223;78354;165.1268435;713;13500;19.88627672;650;27979;42.71901565;1693;14589;17.41264454;320;6006;9.933540545;512;9194;53.65665994;132;2665;26.13588365
18/08/2020;8425;82054;172.9243946;1089;13919;20.50348782;2119;29127;44.47180989;1420;15292;18.25170747;401;6217;10.28252107;580;9281;54.16439644;214;2767;27.1362064
19/08/2020;8403;85811;180.8420702;812;13839;20.38564322;3772;31191;47.62317513;1586;15593;18.61096486;642;6475;10.7092366;658;9468;55.25573812;253;2853;27.97961578
20/08/2020;8338;89523;188.6649107;1182;14071;20.72739257;4800;34390;52.5074859;1586;16253;19.3987053;840;6914;11.43531457;625;9378;54.73049346;291;2931;28.74456847
21/08/2020;9551;93698;197.4634988;1033;14233;20.96602789;5009;37012;56.51081908;1737;16833;20.09096206;947;7309;12.08861935;613;9339;54.50288744;219;2860;28.04826538
22/08/2020;6767;96177;202.687858;1288;14763;21.74674838;3474;40416;61.70812883;832;16958;20.24015533;1071;8033;13.28606913;595;9334;54.47370719;241;2915;28.5876551
23/08/2020;6005;98076;206.6898985;1160;14861;21.89110802;4680;45061;68.80022746;633;17206;20.53615477;1209;8779;14.5199055;519;9210;53.75003677;145;2929;28.7249543
24/08/2020;8229;100155;211.0712792;853;14974;22.05756352;1976;42306;64.59382666;1628;17614;21.02312159;953;9473;15.66773719;654;9166;53.49325049;123;2895;28.39151338
25/08/2020;10132;103834;218.824574;1184;15010;22.11059359;3616;44508;67.95589365;1461;18043;21.53515288;876;9937;16.43516357;459;9292;54.22859301;192;2967;29.09762356
26/08/2020;9704;107014;225.526253;1048;15049;22.16804284;287;42197;64.42740281;1427;18151;21.66405586;1366;10827;17.90716675;699;8664;50.5635525;362;3051;29.92141876
27/08/2020;9366;110087;232.0024354;1522;15442;22.74695445;11203;50722;77.44357953;1561;18290;21.82995878;1409;11714;19.37420812;602;8578;50.06165205;399;3125;30.64714311
28/08/2020;10837;113760;239.7430854;1276;15277;22.50389996;7641;55440;84.64713634;1555;18335;21.88366835;1460;12600;20.83959555;573;8430;49.19791639;401;3291;32.27511935
29/08/2020;7368;115391;243.1803303;1108;15308;22.54956474;5460;57690;88.08249089;709;18347;21.89799091;1444;13415;22.18755352;571;8239;48.0832305;374;3467;34.00116645
30/08/2020;6468;116816;246.1834412;1715;15983;23.54387858;5366;60053;91.69037659;470;18298;21.83950715;1365;14303;23.65624882;551;8211;47.91982105;320;3666;35.95277653
31/08/2020;8500;118093;248.87465;1406;16676;24.56470745;3113;62516;95.45094472;1497;18102;21.6055721;996;14979;24.77430966;553;8252;48.15909918;244;3778;37.05117014
01/09/2020;11345;121013;255.0283931;1295;16882;24.8681573;5104;65501;100.0085151;1213;17895;21.35850805;975;15553;25.72366901;570;8242;48.10073866;231;3795;37.2178906
02/09/2020;10489;123099;259.424526;1508;17578;25.89340534;7113;68842;105.1096349;1396;17705;21.13173429;1326;16237;26.85496134;858;8442;49.26794901;390;3932;38.56146135
03/09/2020;10349;125110;263.6626004;1735;18131;26.70800616;7122;71164;108.6549208;1429;17548;20.94434755;1397;16794;27.77620378;696;8513;49.68230869;418;4059;39.80696125
04/09/2020;11477;127036;267.7215419;1940;19038;28.04406934;8834;74989;114.4950236;1443;17254;20.59344498;1732;17579;29.07454366;817;8717;50.87286325;406;4246;41.64088629
05/09/2020;8800;129069;272.0059801;1813;19563;28.81742455;8594;80109;122.3123637;775;17197;20.52541285;1694;18202;30.10494589;734;8856;51.68407444;486;4491;44.04362231
06/09/2020;7503;130567;275.1629346;2988;21391;31.51017372;7016;82445;125.8790252;670;17234;20.56957406;1296;18289;30.24883833;950;9287;54.19941275;315;4661;45.7108269
07/09/2020;9512;131850;277.8667881;2948;23486;34.59622926;4266;84735;129.3754527;1898;17504;20.89183152;1150;18486;30.57466376;845;9478;55.31409864;249;4787;46.94651971
08/09/2020;11459;133177;280.6633693;2460;24762;36.47585067;6738;87857;134.142198;1331;17374;20.73667052;1369;18979;31.39005428;1090;10109;58.9966473;388;4983;48.86870852
09/09/2020;11817;135290;285.1164032;2659;26373;38.84894636;8619;96189;146.8636976;1476;17423;20.79515428;1430;19043;31.49590619;1293;10703;62.46326205;646;5267;51.65392089
10/09/2020;11584;137508;289.790719;2919;27770;40.90680774;9762;94748;144.6635439;1716;17578;20.98015393;1597;19231;31.80684619;931;11032;64.38332309;585;5453;53.47803885
11/09/2020;12140;138811;292.5367215;3539;30033;44.24033694;9509;96616;147.5156516;1586;17609;21.01715386;1616;19387;32.06486023;1354;11813;68.94127951;687;5739;56.28286538
12/09/2020;9459;140902;296.9433916;3497;32422;47.75947139;11337;102493;156.4887977;1082;17982;21.46234657;1501;19444;32.15913459;1339;12581;73.42336727;497;5862;57.48913694
13/09/2020;8170;142604;300.5302651;3330;34037;50.13845931;6345;103472;157.9835586;920;18432;21.99944233;1456;19535;32.30964278;1167;13197;77.01837516;673;6215;60.95103822
14/09/2020;10724;144828;305.2172255;2621;35252;51.92822421;6396;106755;162.9961226;1485;18420;21.98511977;1008;19547;32.32949002;1318;13962;81.48295476;613;6584;64.56985288
15/09/2020;12387;145870;307.4131845;3105;37062;54.59445835;7826;109477;167.1521382;1792;18999;22.67618299;1229;19801;32.7495898;1479;14871;86.78792582;425;6778;66.47242753
16/09/2020;12113;147494;310.8356773;3991;39545;58.25206021;10191;112555;171.8517033;1855;19458;23.22402066;1452;19927;32.95798575;1752;15765;92.00535609;605;6993;68.58095097
17/09/2020;11612;148757;313.4973819;3395;41205;60.69733571;10239;115672;176.6108145;2179;20208;24.11918026;1583;20113;33.26561788;1837;16906;98.66429116;770;7345;72.03304517
18/09/2020;14220;151500;319.2781069;4322;43587;64.20615876;13233;120071;183.3273143;2199;20964;25.02150114;1907;20288;33.55505671;2083;18172;106.0527327;780;7719;75.70089526
19/09/2020;8606;151306;318.8692624;4422;46196;68.04936587;13560;125037;190.9095236;1685;21874;26.10762812;1637;20231;33.46078235;1916;19354;112.9509459;849;8082;79.2608674
20/09/2020;7388;151191;318.626906;3899;47107;69.39132128;10536;128557;196.2839449;1033;22237;26.54088536;1587;20522;33.94207777;1956;20360;118.822014;552;8319;81.58514674
21/09/2020;10018;151697;319.6932738;4368;48527;71.48306298;5539;129830;198.2275922;1595;21934;26.17924089;1350;20722;34.272865;2274;21789;127.1617319;623;8693;85.25299682
22/09/2020;12449;152687;321.7796456;4926;50993;75.11562286;10084;133176;203.3363461;1852;22455;26.80107842;1391;20744;34.30925159;2353;23052;134.5326653;463;8768;85.98852826
23/09/2020;11673;152543;321.4761734;6178;54512;80.29931233;13291;137848;210.469669;1613;22592;26.96459424;1640;20954;34.65657819;2460;24219;141.3433377;802;8924;87.51843364
24/09/2020;11198;152157;320.6626991;6634;58227;85.77172107;15850;143936;219.764975;2321;23197;27.68668965;1786;21143;34.96917212;2595;25883;151.0545279;691;9030;88.55798474
25/09/2020;11836;151853;320.0220355;6874;61562;90.68436795;16104;150531;229.8343809;2366;23977;28.61765564;1912;21439;35.45873722;2859;27388;159.8377858;899;9242;90.63708693
26/09/2020;7936;150330;316.8123948;6042;64107;94.43329937;14220;153414;234.2362153;1314;24209;28.89455834;1869;21807;36.06738573;2760;28809;168.1308153;884;9629;94.43242913
27/09/2020;6497;148657;313.2866372;5693;66470;97.91413433;10635;157704;240.7862913;1313;24602;29.36362197;1766;22117;36.58010593;3041;30683;179.0675763;665;9621;94.35397244
28/09/2020;9270;147203;310.2224104;4044;67893;100.0102952;4299;155607;237.5845408;2292;25409;30.3268137;1494;22603;37.3839189;2950;32315;188.5920128;425;9433;92.51024031
29/09/2020;10660;145476;306.5828507;7143;71931;105.9585015;8005;155786;237.8578424;1840;25457;30.38410391;1647;23021;38.07526422;3111;33947;198.1164493;688;9696;95.08950388
30/09/2020;10067;143430;302.2710157;7108;75048;110.5500219;14366;159961;244.2323336;2442;26044;31.08471549;1850;23419;38.73353081;3368;35563;207.547509;825;9916;97.24706275
01/10/2020;10692;142510;300.3321651;6914;78567;115.7337113;13051;162773;248.5257634;2626;26491;31.61823062;2548;24384;40.3295792;3295;37021;216.0564724;854;10000;98.07085796
02/10/2020;11024;139314;293.5967669;6968;81213;119.6314216;12436;161976;247.3088845;2835;27127;32.37732596;2499;24976;41.3087094;3883;38821;226.5613656;888;10108;99.13002323
03/10/2020;8134;138842;292.6020523;12872;89663;132.0787577;16488;164904;251.7794259;1653;27095;32.33913248;2843;26182;43.3033564;4028;40933;238.8871069;963;10222;100.248031
04/10/2020;7525;138979;292.8907724;22961;108725;160.1581805;12504;166872;254.784216;1546;27608;32.95142165;2578;27173;44.94240713;4032;43009;251.0027504;904;10574;103.7001252
05/10/2020;11256;140217;295.4997909;12594;116951;172.2755517;5639;166972;254.9368984;3100;29113;34.74770858;2257;28080;46.44252722;4611;45346;264.6416034;734;10685;104.7887117
06/10/2020;12711;140479;296.0519418;14542;126567;186.440473;11310;168198;256.8087849;2454;29715;35.46622335;2677;29366;48.56948912;4576;47569;277.6151465;427;10649;104.4356566
07/10/2020;12428;141234;297.6430637;14162;134551;198.2013643;18953;173860;265.4536638;4010;32112;38.32715343;3677;31403;51.93855707;5052;50161;292.7421926;944;10791;105.8282628
08/10/2020;12610;142646;300.6187778;17540;145457;214.2665298;17402;175412;267.8232951;4804;34595;41.29072848;4458;34075;56.35787447;5867;53433;311.837754;1278;11378;111.5850222
09/10/2020;13502;144312;304.1297833;13864;152447;224.563202;21088;180396;275.4329871;4554;36783;43.90220742;5372;37535;62.08049357;6016;56590;330.2621695;1394;11873;116.4395297
10/10/2020;10944;147320;310.4689816;15166;161571;238.0033789;26677;192853;294.4526368;2968;38437;45.87633272;5724;41390;68.45641744;6546;60376;352.3574614;1646;12635;123.912529
11/10/2020;9038;149861;315.8240025;12872;168750;248.578459;15937;198155;302.547859;2846;39970;47.70603894;5456;45080;74.55944185;6394;63729;371.925743;1090;13060;128.0805405
12/10/2020;11032;151623;319.5373228;13972;178678;263.2029742;9212;203068;310.0491465;6541;44219;52.77741646;4619;48205;79.72799234;6850;67629;394.6863449;1249;13884;136.1615792
13/10/2020;14407;155370;327.4339239;17234;188769;278.0675978;13626;208689;318.6314256;4464;46843;55.90928152;5898;52456;86.75887493;7453;71971;420.0264817;1208;14404;141.2612638
14/10/2020;16327;161630;340.6265374;19724;201385;296.6516916;23002;217325;331.8170798;7173;51574;61.55594827;7332;57938;95.82575293;7351;75954;443.2714759;2072;15651;153.4906998
15/10/2020;16404;167342;352.6642704;18980;213451;314.4256038;29757;234031;357.3242057;7620;56568;67.51651766;8803;64193;106.1711236;7857;80516;469.895544;2101;16898;165.7201358
16/10/2020;17469;173787;366.2467615;15650;222133;327.2146893;25632;247227;377.4721785;7695;61428;73.31715187;10009;71703;118.5921841;8022;84655;494.0509623;2608;18618;182.5883234
17/10/2020;14292;179945;379.2244155;16171;225432;332.0743061;32104;262843;401.3150659;4862;64637;77.14724141;10925;79785;131.9592961;8149;88776;518.1013316;2153;19808;194.2587554
18/10/2020;13103;185523;390.9797507;16982;219453;323.2668951;29837;280176;427.7795106;4007;67098;80.08455845;11705;88912;147.0547714;8233;92977;542.6185851;1856;20760;203.5951011
19/10/2020;20841;195108;411.179623;18804;225663;332.4145824;14289;288826;440.9865404;8397;72395;86.40677231;9337;95992;158.7646394;8014;96380;562.4786692;1949;21975;215.5107104
20/10/2020;22596;204993;432.0117292;21331;232452;342.41517;20376;297892;454.828729;8523;78464;93.6504038;10871;104186;172.3169922;8194;99998;583.5935045;1876;23424;229.7211777
21/10/2020;22181;214746;452.5656525;26688;244978;360.8666887;27422;306361;467.7594036;12331;86785;103.5819012;15199;115708;191.3736446;8796;103742;605.4436823;2535;25015;245.3242512
22/10/2020;21145;223281;470.5527062;21242;248680;366.3199477;40813;329772;503.5038861;5952;87933;104.9520921;16078;127328;210.5923827;9310;107185;625.5372086;3270;27007;264.8599661
23/10/2020;22204;231983;488.8917035;20530;255346;376.1393492;42837;351521;536.7107866;13476;96855;115.6009107;19143;141099;233.3687375;10029;111198;648.9572843;2899;28512;279.6196302
24/10/2020;17397;238436;502.4910542;23012;263192;387.6969587;45265;370109;565.0913958;10458;104345;124.5405713;19640;155015;256.384913;8683;113335;661.4289269;3669;30535;299.4593648
25/10/2020;15467;244865;516.0398261;19790;270110;397.8875707;6616;360788;550.859867;9890;111389;132.9479102;21273;170832;282.5452212;10237;117178;683.8568739;2577;32022;314.0425014
26/10/2020;22463;256296;540.1300442;20890;277028;408.0781827;73010;424586;648.2682004;12560;117408;140.1318644;17007;183220;303.0341823;10365;120693;704.3705958;2447;33220;325.7913901
27/10/2020;23111;265000;558.4732563;22885;282679;416.4024308;34482;445442;680.1116469;13161;126105;150.5121351;21989;199311;329.6476689;10321;123561;721.1083923;3299;35311;346.2980065
28/10/2020;22185;270858;570.8186765;24701;287656;423.7338382;37550;459990;702.3238861;16202;135134;161.2886632;24988;216967;358.8495657;8156;124366;725.806414;3960;37199;364.8137845
29/10/2020;20596;275050;579.6530912;23065;291741;429.7512782;46612;476845;728.0585088;18733;146247;174.5525413;26829;234993;388.6634188;10321;126830;740.1864455;4224;39322;385.6342277
30/10/2020;21459;279040;588.0618017;24405;300496;442.6478969;49474;500687;764.4610525;19382;157934;188.501515;31079;256063;423.5118536;11172;129980;758.5700086;4656;41370;405.7191394
31/10/2020;16834;281582;593.4189301;21915;306240;451.1091394;35070;503653;768.9896132;14054;167126;199.4725911;31756;276894;457.9649976;9839;131670;768.4329361;4007;43224;423.9014764
01/11/2020;16097;284576;599.7286241;23254;312512;460.3481563;46179;519995;793.9409751;12556;175675;209.676217;29905;295094;488.0666356;8711;132148;771.2225688;3062;44430;435.7288219
02/11/2020;19335;283070;596.5548101;18950;312658;460.5632227;106091;611797;934.1064947;25252;192530;229.793437;22253;308010;509.428875;8312;132446;772.9617122;2506;44987;441.1913687
03/11/2020;21368;281842;593.9668661;20018;311345;458.6290981;72601;664022;1013.844891;7533;191540;228.6118264;28241;325380;538.157746;7777;132029;770.5280786;2596;45707;448.2524705
04/11/2020;20426;280087;590.2682979;25177;309834;456.4033082;-46076;590524;901.6263625;31480;210689;251.4670413;30548;340729;563.5440121;7680;130913;764.0150449;7497;50669;496.9152302
05/11/2020;19627;278569;587.0691945;24141;312733;460.673702;57806;607517;927.571687;22561;227298;271.290649;34502;359153;594.0161318;6992;128595;750.4870769;4410;51809;508.095308
06/11/2020;19473;275838;581.3137588;23287;315490;464.7349216;60952;625632;955.2301082;22820;236642;282.4431441;37802;377812;624.8769265;7280;125846;734.4437706;5550;54460;534.0938925
07/11/2020;15509;273950;577.3349003;24957;317435;467.6000185;86655;667022;1018.425364;14122;240306;286.8162971;39809;397981;658.2351648;6715;123878;722.9584207;6640;57431;563.2307444
08/11/2020;12662;271145;571.4235136;20572;318217;468.7519495;38562;698968;1067.201291;14510;244926;292.3304802;32614;409322;676.9924547;5699;119340;696.4744178;5784;60638;594.6820685
09/11/2020;17320;266002;560.5849175;21350;318677;469.429556;21424;647382;988.4385356;6522;238888;285.1238487;25269;417584;690.6572752;4697;113672;663.3956764;4096;62287;610.853953
10/11/2020;17847;260738;549.4913204;20412;316204;465.7866847;22613;635513;970.3166586;26547;252274;301.1006572;35090;430685;712.3254928;4724;108075;630.7312946;3817;62805;615.9340234
11/11/2020;16586;255139;537.6917289;22950;314453;463.2073609;36406;634369;968.5699717;22401;258473;308.4994497;32961;438658;725.5123257;5469;105388;615.0498235;4935;63780;625.4959321
12/11/2020;14904;249447;525.6961448;33470;324858;478.5345246;32628;620385;947.2188614;24738;264478;315.6666942;37977;449806;743.950406;5680;100747;587.9647073;5839;65395;641.3343756
13/11/2020;14898;242886;511.86919;27301;327754;482.8004992;24065;594976;908.4237841;22261;267357;319.1029135;40902;459629;760.1970208;6157;95732;558.6969077;6653;67392;660.919126
14/11/2020;11710;237762;501.0706354;26860;332699;490.0847687;31957;591863;903.6707802;14640;267943;319.8023316;37249;465122;769.2820921;5968;91861;536.1055513;6602;69987;686.3685136
15/11/2020;9292;230957;486.7294636;24962;334407;492.600751;27192;572876;874.6809682;3213;258600;308.6510301;33977;469194;776.0169202;5460;88610;517.132547;6035;72960;715.5249797
16/11/2020;13434;225056;474.2934233;21363;336820;496.1552388;10050;476835;728.0432405;14580;247928;295.9135057;27352;474293;784.4503406;4876;85174;497.0798731;8371;78825;773.0435379
17/11/2020;13286;216974;457.2610427;20051;336853;496.2038497;45602;449836;686.8205126;26231;266626;318.2304313;32191;478243;790.9833884;4368;81765;477.1847727;4452;80681;791.2454891
18/11/2020;11776;208324;439.0316327;19609;331285;488.0018654;28897;524809;801.291107;23727;258873;308.9768681;34280;481975;797.1558782;4695;78780;459.7641581;5891;79075;775.4953093
19/11/2020;10009;198706;418.7622146;22915;330059;486.1958968;20736;487739;744.6917321;24041;260353;310.7433164;36176;483649;799.9245673;5741;77529;452.4632574;6994;81659;800.836819
20/11/2020;10414;189647;399.670859;20252;327024;481.7251672;23264;450051;687.1487798;22593;260126;310.4723814;37239;483086;798.9934012;6008;76257;445.0397995;6489;82598;810.0456726
21/11/2020;8030;182168;383.9092685;19875;321942;474.2390888;17670;381066;581.8208091;13872;259876;310.1739949;34764;478041;790.6492933;6171;75713;441.8649874;6472;82430;808.3980822
22/11/2020;6329;175835;370.5628114;18662;320032;471.4255489;13130;355634;542.9906148;4377;249743;298.0797919;28337;473764;783.5754084;5473;75487;440.5460397;4788;81434;798.6302247
23/11/2020;9123;167638;353.2880745;15450;314132;462.7345095;5062;339272;518.0087164;14455;257676;307.5481934;22927;471422;779.7018899;5208;75998;443.5282621;4044;81382;798.1202563
24/11/2020;9053;158844;334.7551922;11299;305019;449.3105362;9921;326580;498.6302631;16370;247499;295.4014744;23227;459559;760.0812453;4002;75276;439.3146328;3919;81484;799.120579
25/11/2020;8413;150671;317.531034;18213;300282;442.3326626;16754;306928;468.6251129;32687;257785;307.67829;25852;452450;748.3234132;5054;74861;436.8926713;5290;81839;802.6020945
26/11/2020;7681;143448;302.3089497;17555;284367;418.888952;13001;287301;438.6581334;21951;254998;304.3518769;29001;443474;733.4776823;4605;73786;430.6189156;6383;82383;807.9371491
27/11/2020;8414;136964;288.6442682;16022;273088;402.274336;12774;276010;421.4187608;20819;253556;302.6307834;28342;430914;712.7042442;5883;73512;429.0198374;5444;81174;796.0803824
28/11/2020;6296;131550;277.2345542;15871;262099;386.0869068;12477;256530;391.6762245;13845;252761;301.6819142;26315;419980;694.6201062;4594;72138;421.0011023;4868;79440;779.0748956
29/11/2020;5017;127275;268.2252215;12155;249292;367.2214589;9763;239101;365.0652046;3197;252745;301.6628174;20646;406649;672.5714834;5697;72375;422.3842466;4093;77498;760.029535
30/11/2020;7495;121336;255.7090982;12330;240259;353.9153302;4354;233405;356.3684137;14221;252386;301.2343344;16376;395673;654.4178801;4594;72093;420.73848;3262;72389;709.9251337
01/12/2020;8564;116614;245.757737;13430;233638;344.1622163;8364;196167;299.5125323;24766;250921;299.4857893;19347;382829;633.1747242;4199;71924;419.7521872;2401;70338;689.8108007
02/12/2020;7900;112738;237.5892754;16170;230199;339.0963714;14228;181498;277.1155474;23275;250469;298.9463064;20709;369258;610.7291566;5109;72338;422.1683127;3384;67831;665.2244366
03/12/2020;6961;109690;231.1657792;14879;222163;327.2588811;12787;173549;264.9788215;23591;250019;298.4092107;23219;356301;589.2991059;5744;72341;422.1858208;3772;64609;633.6260062
04/12/2020;7253;106529;224.5041416;16298;218209;321.4344116;11511;161796;247.0340561;15970;243396;290.5043546;24110;343172;567.5845781;6058;72391;422.4776234;4935;63055;618.3857949
05/12/2020;5816;104315;219.8382556;15539;213873;315.0472341;12882;157008;239.7236216;26126;255650;305.130069;21052;329460;544.9058055;6676;72896;425.4248296;6087;62670;614.6100668
06/12/2020;4870;102856;216.7634915;17272;212483;312.9996841;10949;154827;236.3936179;10910;262183;312.9275058;18887;320010;529.2761089;6912;74335;433.822908;3834;61716;605.254107
07/12/2020;6866;100599;212.0069853;14718;211751;311.921406;3411;153176;233.8728311;5456;253184;302.1867842;13679;310762;513.9805073;7122;76249;444.9931111;2597;60269;591.0632538
08/12/2020;6424;97970;206.4665091;12282;212734;313.3694216;14037;157292;240.1572397;29263;266077;317.5751745;14837;302372;500.103983;6247;78494;458.0950473;2905;59255;581.1188688
09/12/2020;8834;98391;207.353744;16578;211099;310.9609725;14675;155213;236.9829721;25089;258479;308.506611;12755;289275;478.4423811;6646;80086;467.3860418;4097;58062;569.4190155
10/12/2020;9486;100196;211.1576845;20964;214508;315.9826256;13872;156084;238.312836;32734;269262;321.3766189;16998;277272;458.5901855;8830;84311;492.0433605;3134;54813;537.5557937
11/12/2020;9980;101762;214.4579453;21672;220158;324.3054007;13489;156799;239.4045153;27217;275660;329.0129271;18726;267656;442.6859354;8979;87407;510.1117767;5080;54449;533.9860145
12/12/2020;8264;103730;218.6053996;21502;225789;332.6001877;13947;158269;241.648947;21792;283607;338.4980382;19902;261243;432.0792429;9178;91991;536.864238;4413;53994;529.5237905
13/12/2020;6707;105420;222.1669837;18447;232081;341.8686657;11533;160039;244.3514259;14709;295119;352.2381413;17937;258534;427.5987298;9937;96231;561.6090975;4044;53945;529.0432433
14/12/2020;10540;108465;228.5841575;20263;240014;353.5544311;3192;158877;242.5772561;6451;287349;342.9642878;12025;254183;420.4024536;8518;100155;584.5097646;2194;52877;518.5692756
15/12/2020;11073;110974;233.8717402;18450;245034;360.9491799;11655;162168;247.6020347;33825;296408;353.7766223;14839;249675;412.9465094;6716;102672;599.1991069;2638;53114;520.893555
16/12/2020;10508;113582;239.36796;25161;254025;374.1934402;17720;165660;252.933705;32744;305877;365.0783106;17568;246534;407.751496;11271;108834;635.1608579;4720;54450;533.9958216
17/12/2020;9655;116276;245.0454202;35383;274529;404.3970119;18398;171271;261.5007159;30179;312465;372.9413925;18233;241548;399.5049703;12871;115961;676.7543989;4320;54998;539.3701046
18/12/2020;10759;119782;252.4341268;28507;286738;422.3815714;16005;175765;268.362264;32830;329325;393.0645803;15401;232839;385.1008403;12024;121927;711.5722837;4336;54399;533.4956602
19/12/2020;8517;122483;258.1263391;27052;298251;439.3408828;17428;180311;275.3032071;21679;324878;387.7568807;16305;228092;377.2496054;12283;127534;744.295026;3835;52147;511.410103
20/12/2020;7405;125018;263.4687153;35928;316907;466.8222441;12799;182161;278.1278319;6444;320412;382.4265036;15102;224307;370.9894571;13072;133694;780.2451048;3334;51647;506.5065601
21/12/2020;11048;129200;272.2820555;33364;335553;494.2888749;5960;184710;282.0197069;19256;334212;398.8974403;10869;221497;366.3418965;11218;137790;804.1495729;2099;51149;501.6226314
22/12/2020;11612;134388;283.2154867;36804;360075;530.4111918;11861;182534;278.6973374;36153;341102;407.1209731;13316;219976;363.8262596;9889;141432;825.4044734;2436;50680;497.0231081
23/12/2020;11812;137366;289.4914616;39237;382734;563.7892025;15038;182897;279.2515746;33758;349771;417.4678246;13908;221129;365.733248;10473;145259;847.7390435;4602;51185;501.9756865
24/12/2020;10461;138341;291.5462217;39877;401647;591.6491396;21718;190743;291.2310376;26467;343504;409.9878709;18039;222170;367.4549955;11591;148020;863.8523824;4378;52429;514.1757012
25/12/2020;8088;136449;287.5589334;32725;412700;607.9308445;20262;197516;301.5722183;2140;318427;380.0573146;19037;222481;367.9693696;11545;150586;878.8276913;4146;51495;505.0158831
26/12/2020;10082;138267;291.3902707;35691;426889;628.8320579;3093;186662;285.0000679;13504;310139;370.1652042;10405;212984;352.261938;9869;151277;882.860403;1214;48296;473.6430156
27/12/2020;10391;141951;299.1541027;30501;438943;646.5882934;8822;183951;280.8608473;12399;307829;367.4081126;8937;203984;337.3765126;9102;150442;877.9872998;1577;45829;449.4489349
28/12/2020;16474;147885;311.6596887;41385;460065;677.7022147;3106;183865;280.7295404;14004;315382;376.4229666;8581;200540;331.6803565;7458;149382;871.8010849;2093;45728;448.4584193
29/12/2020;16160;152972;322.3802678;53135;494750;728.7952153;11494;183704;280.4837217;19466;301023;359.2848377;11210;196911;325.6782222;7592;150258;876.9134663;3336;46426;455.3037652
30/12/2020;16710;159174;335.4506495;50023;519612;765.4183717;26514;192498;293.9106142;49044;317323;378.7396396;16202;195545;323.4189454;9533;148520;866.7704083;6049;47755;468.3373822
31/12/2020;14900;164419;346.504205;55892;540121;795.6293087;20042;194142;296.4207132;19367;306511;365.8350188;23477;200789;332.0921866;9790;145439;848.7895328;7627;51062;500.7694149
01/01/2021;13394;167054;352.8466332;53285;564899;829.0967476;19348;197485;301.5248867;2117;275798;329.1776364;22210;207598;343.3538378;8234;141649;826.6708966;6951;53677;526.4149443
02/01/2021;15652;174189;367.9169741;57725;595572;874.1152103;3466;183523;280.2073666;10903;265022;316.3159833;11825;203118;335.9442039;8633;137999;805.3693077;3241;53083;520.5895353
03/01/2021;15700;182484;385.4374335;54990;614634;902.0923216;12495;183219;279.743212;10356;268934;320.9851358;14245;202261;334.5267806;7453;132380;772.5765328;3384;53133;521.0798896
04/01/2021;24872;196308;414.636087;58784;640054;939.4010074;4084;181343;276.8788897;12320;261998;312.7066998;10798;202190;334.4093511;6614;127776;745.7073505;4369;55403;543.3419744
05/01/2021;29192;213888;451.7680551;60916;664166;974.7899544;20825;190307;290.5653423;18349;244194;291.4568045;15375;204249;337.8148057;6506;124393;725.9639874;4956;57923;568.0558306
06/01/2021;19779;221855;468.5957224;62322;687251;1008.671584;25232;200501;306.1297886;26663;237099;282.9885946;20326;210667;348.4297679;7238;121158;707.0843599;10027;63348;621.259271
07/01/2021;27558;238952;504.7075119;52618;699992;1027.371425;21767;200550;306.204603;45333;255965;305.506036;18416;211044;349.0533018;9745;119312;696.3110083;9927;68897;675.6787901
08/01/2021;33428;264292;558.2299279;68053;735320;1079.221986;19860;200148;305.5908197;19077;272902;325.7211268;17529;209536;346.5591661;8258;116025;677.1279062;10176;74927;734.8155174
09/01/2021;26729;280939;593.3912405;59937;759566;1114.807603;20177;217232;331.6750851;22824;282222;336.8449768;19976;219107;362.388989;7380;113536;662.6019733;9478;83191;815.8612745
10/01/2021;24007;294555;622.1505624;54940;784005;1150.676485;15944;224354;342.5491274;948;270771;323.17768;18625;228795;378.4123225;6655;111089;648.3211547;7502;89116;873.9682578
11/01/2021;35594;313675;662.535274;46169;788789;1157.697915;3816;225064;343.6331727;11706;268473;320.434911;12530;232744;384.9437164;5468;109099;636.7074116;5604;92627;908.400936
12/01/2021;36469;333984;705.4313572;45533;781187;1146.540534;19680;233250;356.131756;27210;276217;329.6777323;14242;235776;389.9584508;4977;106484;621.4461363;7259;96550;946.8741336
13/01/2021;35519;352793;745.1591837;47525;778689;1142.874244;23932;230668;352.1894957;25566;252739;301.6556562;15773;235347;389.2489122;6197;103148;601.9770676;10556;101057;991.0746693
14/01/2021;34881;372774;787.3624747;48682;771479;1132.292197;21431;232057;354.3102546;21343;254715;304.0141033;17243;229113;378.9382742;6566;99924;583.1616367;10698;104128;1021.19223
15/01/2021;39285;398665;842.048697;55761;773955;1135.926198;21317;234026;357.3165716;8593;261191;311.7435081;16144;223047;368.9054975;6082;97772;570.6024533;10663;107840;1057.596132
16/01/2021;30354;413367;873.1018367;41346;757576;1111.8869;21409;251969;384.7123791;14817;265105;316.4150476;16310;227532;376.3234011;5324;94463;551.290958;10947;115546;1133.169535
17/01/2021;25189;422856;893.1442284;38598;741184;1087.828521;16642;256116;391.0441192;11484;266233;317.7613677;12544;225831;373.5100557;5643;92653;540.7277043;10385;122547;1201.828943
18/01/2021;38688;436672;922.3259845;37535;719935;1056.641571;3798;255830;390.6074475;9253;263166;314.1007617;8825;223858;370.2468397;4792;90831;530.094418;6702;124880;1224.708874
19/01/2021;38852;446332;942.7295575;33355;692374;1016.190561;23895;258900;395.2947979;12233;257050;306.8010335;10496;218979;362.1772852;4356;88681;517.5469067;10455;130379;1278.638039
20/01/2021;37835;464388;980.8669191;38905;668957;981.8216584;26877;260545;397.8064238;29003;259390;309.5939315;13568;212221;350.9999847;5603;87046;508.004962;14647;134999;1323.946775
21/01/2021;34145;470975;994.7797902;37892;654231;960.2084519;22710;261488;399.2462191;8277;222334;265.365886;14055;207860;343.7871691;5842;83143;485.226852;13544;138616;1359.419005
22/01/2021;36678;474225;1001.644346;40261;626439;919.4184048;23324;264952;404.5351383;16366;219623;262.1301824;13633;203964;337.3434339;5799;80684;470.8760007;13987;142427;1396.793809
23/01/2021;27631;475127;1003.549525;33552;600054;880.6933979;23924;268699;410.2561487;12430;209229;249.7244639;13331;197319;326.3530281;5466;78770;459.7057976;15333;148282;1454.214296
24/01/2021;22030;473150;999.3737624;30004;575118;844.0950742;18436;271191;414.0609948;10078;218359;260.6215401;11628;190322;314.7804368;4940;77055;449.6969688;11721;152501;1495.590391
25/01/2021;32190;469746;992.1839319;22195;551144;808.9086684;4300;271675;414.7999777;6887;213540;254.8698413;8559;186351;308.2126564;4041;75628;441.368923;6923;153820;1508.525937
26/01/2021;31370;464647;981.4139714;20089;525700;771.564758;22143;274138;418.5605458;9387;195717;233.5972686;10584;182693;302.1625579;3962;74613;435.4453304;10765;157326;1542.90958
27/01/2021;29286;458414;968.2488089;25308;503483;738.957084;26951;277157;423.1700282;15636;185787;221.7453555;15191;182111;301.1999671;4816;73232;427.3857429;15073;161843;1587.208186
28/01/2021;26133;449666;949.771536;28680;483481;709.6003438;23956;279682;427.0252595;14883;179327;214.0350474;14360;179228;296.4316691;4730;71396;416.6707519;16432;167577;1643.442016
29/01/2021;25612;435993;920.8918203;29079;456799;670.4394329;23235;281600;429.9537084;12831;183565;219.0932959;13563;176647;292.1628599;4418;69732;406.9595618;13200;170114;1668.322593
30/01/2021;18970;424609;896.8468644;23275;438728;643.9168026;24045;284236;433.9784171;17518;186266;222.3170641;12713;173050;286.2136516;4230;68638;400.5749211;12435;171602;1682.915537
31/01/2021;13903;413323;873.0089012;21088;421218;618.2175466;19235;286829;437.9374724;748;175530;209.5031528;11249;171755;284.0718042;3725;66720;389.3813738;9498;170715;1674.216652
01/02/2021;21545;396180;836.7999518;18607;402290;590.4371057;4388;287419;438.8382987;6668;172945;206.417836;7925;170855;282.5832617;3225;65153;380.2362807;5805;169818;1665.419696
02/02/2021;20651;377979;798.3563253;16840;385775;566.1982015;23337;286861;437.9863307;7690;168402;200.9955559;9651;170010;281.1856857;3624;64421;375.9642908;5540;164903;1617.217869
03/02/2021;17955;358099;756.3663636;19202;366072;537.2803007;26406;286390;437.2671965;12487;151886;181.282948;13182;169624;280.5472663;4086;62904;367.1110003;9083;159339;1562.651244
04/02/2021;15720;339674;717.4496108;20634;348814;511.9509026;20;263700;402.6235543;13032;156641;186.9582599;13656;169225;279.8873458;4258;61320;357.8666943;7914;153709;1507.437351
05/02/2021;15734;318730;673.212299;19114;327667;480.9136571;45607;285983;436.645779;10835;151110;180.3567562;14213;169805;280.8466287;4368;59889;349.5153042;6916;146638;1438.091447
06/02/2021;11085;302184;638.2643158;18262;312377;458.4726734;20588;282647;431.5522934;8632;147312;175.823668;13439;169913;281.0252539;4121;58544;341.6658146;6132;137437;1347.856451
07/02/2021;8089;288243;608.8185383;15845;298218;437.6916473;19715;283926;433.5051016;6670;143904;171.7560628;11640;169925;281.0451011;3963;57567;335.963992;3508;129224;1267.310855
08/02/2021;12420;268473;567.0609154;14104;290127;425.8165656;4343;283969;433.570755;4650;141667;169.0861001;7969;169335;280.0692788;2246;55772;325.4882791;2505;124806;1223.98315
09/02/2021;11748;248851;525.6158938;12364;282402;414.4786585;18886;280712;428.5978884;5728;138008;164.7189148;10612;169363;280.115589;1813;53623;312.9466039;2583;116624;1143.741574
10/02/2021;10388;229953;485.7000841;13013;270107;396.433407;25678;279439;426.6542412;9246;131618;157.092155;12947;167119;276.4041562;3244;52051;303.7723305;4387;105938;1038.943055
11/02/2021;9060;212880;449.6389867;13494;254921;374.1450631;21076;276559;422.2569873;9928;126663;151.1781339;15137;167896;277.6892646;4431;51752;302.027351;3480;92986;911.9216798
12/02/2021;9443;196711;415.4872919;15144;240986;353.6927996;20709;274033;418.4002293;9197;123029;146.8407872;13893;168226;278.2350636;4387;51721;301.8464334;2854;82640;810.4575702
13/02/2021;6713;184454;389.5984106;13308;231019;339.064331;21231;271219;414.1037458;6484;111995;133.6711992;13523;169036;279.5747518;4229;51720;301.8405974;2856;73061;716.5154953
14/02/2021;5456;176007;371.7569012;10972;220903;324.2171766;16546;268530;409.9981154;4838;116085;138.5528029;11060;168847;279.2621579;3471;51466;300.3582402;1677;65240;639.8142773
15/02/2021;8200;162662;343.5699777;9765;212061;311.2398595;4406;268548;410.0255983;5132;114549;136.719516;7344;168266;278.301221;2840;51081;298.1113603;1303;60738;595.6627771
16/02/2021;7961;149972;316.7665262;10625;205846;302.1181647;19596;264807;404.3137488;5890;112749;134.571133;10368;168983;279.4870932;2739;50196;292.9464545;1502;56700;556.0617646
17/02/2021;7005;139022;293.6382526;12718;199362;292.6016612;25186;263587;402.4510232;9598;109860;131.1229782;12066;167867;277.6413005;3424;49534;289.0829882;2324;49941;489.7756717
18/02/2021;6402;129704;273.9570421;12057;190785;280.013282;22518;286085;436.8015151;9845;106673;127.3191467;13755;167966;277.8050402;4572;49848;290.9155084;1944;43971;431.2273695
19/02/2021;6382;120352;254.2040179;12027;183698;269.6117613;24127;264605;404.0053303;9050;104888;125.1886668;15470;169223;279.8840379;4787;50267;293.3608141;1940;38995;382.4273106
20/02/2021;5071;114338;241.5014208;10406;175842;258.0815868;22371;266388;406.7276579;7162;103418;123.434154;14914;170698;282.3235937;4619;50765;296.2671679;1570;34433;337.6873852
21/02/2021;4140;110389;233.1604571;9834;169831;249.2593008;22046;268719;410.2866852;6094;102842;122.7466714;13450;172508;285.3172182;4701;51503;300.5741741;1186;32111;314.915332
22/02/2021;6311;104280;220.2572037;10641;166368;244.1766895;4654;269030;410.7615276;4984;103176;123.1453158;9617;174156;288.042905;4202;53459;311.9894914;549;30155;295.7326722
23/02/2021;6142;98674;208.4163725;8489;162493;238.4893898;20180;270324;412.7372381;5764;103212;123.1882835;13299;176843;292.4870314;3847;55493;323.8600207;1032;28604;280.5218821
24/02/2021;5387;93673;197.8534047;9938;159418;233.9762423;31527;276173;421.6676332;10774;104740;125.012022;16402;180298;298.2013808;4414;56663;330.6882012;1480;25697;252.0126837
25/02/2021;4955;89568;189.1829423;9985;155909;228.8261173;25414;280511;428.2909968;11032;105844;126.3296969;19871;185032;306.0311146;5044;57276;334.265701;1160;23377;229.2602447
26/02/2021;5362;85487;180.563172;8523;149288;219.1085402;25216;285018;435.1723936;9437;106084;126.616148;20488;191627;316.9388235;5169;58058;338.8294934;1027;21550;211.3426989
27/02/2021;3962;82736;174.7525893;7434;143414;210.4873278;23996;287783;439.3940627;7671;107271;128.0328873;18902;197006;325.8353461;4976;58805;343.1890241;1071;19765;193.8370508
28/02/2021;3608;80888;170.849297;6035;138477;203.2413411;19952;291189;444.5944261;6118;108551;129.5606263;17440;203386;336.3874588;4689;60023;350.2973352;718;18806;184.4320555
01/03/2021;5459;78147;165.059836;5455;134167;196.9155961;4730;291513;445.0891171;5274;108693;129.7301099;13106;209148;345.9174389;3783;60966;355.800732;394;17897;175.5174145
02/03/2021;5129;75315;159.0781674;6391;129933;190.7013957;22872;294789;450.0909934;6492;109295;130.4486246;17063;215843;356.9905414;4017;62244;363.2592061;691;17086;167.5638679
03/03/2021;5123;73433;155.1030614;6385;123600;181.4065134;26903;296506;452.7125506;10852;110549;131.9453315;20840;224617;371.5021773;5040;63860;372.6902658;979;15741;154.3733375
04/03/2021;4576;71607;151.2462369;6573;118116;173.3577001;25286;299274;456.9388001;11393;112097;133.7929409;22845;233707;386.5364569;4162;63450;370.2974846;830;14627;143.4482439
05/03/2021;4842;70067;147.9934934;5947;112036;164.4341435;23507;298654;455.9921691;9581;112628;134.4267139;24010;242247;400.6610717;4733;63396;369.9823378;949;13636;133.7294219
06/03/2021;3851;68847;145.4166447;6040;107670;158.0262079;23306;299589;457.4197498;8264;113730;135.7420017;23633;250966;415.081741;5395;64172;374.5111139;1007;13073;128.2080326
07/03/2021;3430;68137;143.9170032;5177;103013;151.1911745;21835;299378;457.0975899;6504;114140;136.2313556;20724;258240;427.1124726;4564;64035;373.7115749;682;12569;123.2652614
08/03/2021;5059;66885;141.2725649;4712;97084;142.489239;5534;300258;458.4411952;5129;114285;136.4044198;13882;262505;434.1665103;3844;63677;371.6222683;365;12385;121.4607576
09/03/2021;4885;65628;138.6175658;5766;94361;138.4927185;23143;303221;462.9651754;6834;115355;137.6815142;19725;268931;444.794704;4379;64209;374.7270479;847;12200;119.6464467
10/03/2021;4851;65092;137.4854421;5926;90349;132.6043453;29674;301368;460.1359701;21163;125744;150.081265;22275;274804;454.5082711;5355;65150;380.2187726;642;11362;111.4281088
11/03/2021;4585;64722;136.7039388;6753;87117;127.8607704;28129;304083;464.2812979;4745;119457;142.5774404;25649;280582;464.0647142;5421;65527;382.4189641;627;10829;106.2009321
12/03/2021;4955;64315;135.8442852;6609;85203;125.0516113;25177;304044;464.2217518;12770;122790;146.5555297;26790;286884;474.4878198;6123;66481;387.9865575;577;10379;101.7877435
13/03/2021;3923;64276;135.7619105;5534;83303;122.2629999;29792;309840;473.0712251;10568;125687;150.0132328;26031;294013;486.2787306;6543;68048;397.1316506;564;9872;96.81555098
14/03/2021;3557;64225;135.6541898;4618;81886;120.1832828;26347;316235;482.8352662;8978;128547;153.4267748;21304;297877;492.66954;6052;69411;405.0861891;541;9695;95.07969679
15/03/2021;5588;64354;135.9266598;5089;81520;119.6461082;6471;317976;485.4934672;6543;129816;154.9413848;15252;300023;496.2188869;5526;71154;415.2584274;256;9557;93.72631895
16/03/2021;5358;64583;136.410347;5294;80423;118.036052;30066;325170;496.4774409;17679;141003;168.2935854;20376;303336;501.6983774;5066;72203;421.3804457;384;9250;90.71554361
17/03/2021;5038;64498;136.2308125;5758;79796;117.1158102;38501;336768;514.1855485;7705;137856;164.5374957;23040;305536;505.337037;6140;73303;427.8001026;673;8944;87.71457536
18/03/2021;5310;65232;137.7811461;6303;79526;116.7195338;35061;346543;529.1102555;28489;154952;184.9423604;24901;307592;508.7375297;6338;75479;440.4993513;485;8599;84.33113076
19/03/2021;4987;65377;138.0874109;4802;78381;115.0390285;35198;358234;546.9603578;15476;160847;191.9783149;25707;309289;511.5442593;7577;78323;457.0970825;568;8218;80.59463107
20/03/2021;4496;66022;139.4497613;5587;77928;114.3741648;35339;370267;565.332634;14499;167082;199.420075;23913;309569;512.0073615;7825;80753;471.2786883;457;7668;75.20073388
21/03/2021;4177;66769;141.0275531;5312;78063;114.572303;30587;379019;578.6953998;768;161346;192.5738944;20045;308890;510.8843388;7163;83352;486.4465868;450;7436;72.92548998
22/03/2021;6616;68326;144.3162035;5342;78693;115.4969479;15813;389298;594.3896263;8261;164478;196.3120809;24501;319509;528.4474868;6337;85845;500.9958639;248;7319;71.77806094
23/03/2021;6799;70240;148.358899;5379;78306;114.9289518;14697;380852;581.4940687;20969;178613;213.1828555;18739;318523;526.8167058;5799;87265;509.2830574;434;6906;67.72773451
24/03/2021;6098;71487;150.9927764;5605;77985;114.4578232;65392;416570;636.0291772;23757;181207;216.2789142;21246;317494;525.1148055;7918;89828;524.2408581;575;6839;67.07065976
25/03/2021;6023;72925;154.0300785;6397;77629;113.9353255;45660;434101;662.7959331;21620;198082;236.4200052;23681;315526;521.8598591;8018;92425;539.3970845;423;6635;65.07001426
26/03/2021;6620;74590;157.5468434;6187;77207;113.3159602;41871;450795;688.2847371;20689;206001;245.871697;24076;312812;517.3710764;8040;94342;550.5847957;488;6546;64.19718362
27/03/2021;5358;76025;160.5778089;4715;76388;112.1139219;42634;463637;707.8922141;17628;213061;254.2981327;23834;310615;513.7373787;9160;96959;565.8577432;344;6326;62.03962475
28/03/2021;4964;77432;163.5496337;3862;75632;111.0043481;37021;474311;724.1895361;1727;205810;245.6437297;19604;308915;510.9256872;7698;98605;575.4638844;365;6150;60.31357765
29/03/2021;7092;78936;166.726339;4654;75197;110.3659028;9110;476950;728.2188253;10297;209564;250.1243019;12900;306563;507.0356294;6939;100018;583.7102256;309;6203;60.83335319
30/03/2021;6981;80559;170.1543927;4040;73943;108.5254193;30719;477603;729.2158415;23681;215566;257.2879658;16055;302242;499.8889713;6066;101018;589.5462773;388;6207;60.87258154
31/03/2021;7077;82598;174.4611096;4052;72237;106.0215397;59054;498156;760.5966603;25014;232875;277.9470558;23887;303089;501.2898552;8221;103099;601.691101;618;6152;60.33319182
01/04/2021;6811;84099;177.6314785;4479;70413;103.3444727;50711;513806;784.4914598;22679;227065;271.0125527;22184;300372;496.7961107;8321;105082;613.2639917;592;6259;61.38255
02/04/2021;5848;84960;179.4500578;3402;69013;101.2897064;46678;525286;802.0194022;16033;227622;271.6773579;21917;296582;490.5276926;7647;105152;613.6725153;548;6239;61.18640828
03/04/2021;6823;87287;184.36508;3423;66849;98.1136247;88;490035;748.1973206;3673;216796;258.7560275;21247;293916;486.1182988;8139;105466;615.5050356;280;6062;59.4505541
04/04/2021;6824;89934;189.9559969;2297;63834;93.68853864;80629;540077;824.6026596;10300;226328;270.1329092;18017;291888;482.7641163;7108;105411;615.1840527;193;5805;56.93013305
05/04/2021;8800;92118;194.5689786;2762;61254;89.90189782;10797;535061;816.9441092;5980;224047;267.4104305;10680;278067;459.9050647;5539;104613;610.5268834;159;5716;56.05730241
06/04/2021;9332;94651;199.9191081;2379;58254;85.49882711;8054;528418;806.8014157;7593;210671;251.4455574;7763;267091;441.7514615;5752;104566;610.252589;874;6156;60.37242016
07/04/2021;8775;97328;205.5733901;2763;55412;81.32765145;960;463986;708.4250757;30377;217291;259.3468328;13686;259531;429.2477042;6430;103078;601.568544;663;6244;61.23544371
08/04/2021;8247;99552;210.2708587;3030;52045;76.38593842;97170;515496;787.0717928;26510;222181;265.1832734;17209;253059;418.5434294;8292;103352;603.1676221;602;6423;62.99091207
09/04/2021;8625;101557;214.5057618;3150;49008;71.92856317;159;473784;723.3848997;23935;225427;269.0575242;18924;247907;410.0223503;7982;103294;602.8291311;694;6629;65.01117174
10/04/2021;7668;103867;219.3848771;2589;46882;68.80825373;1371;432521;660.3835508;18728;226527;270.3704249;17551;241624;399.6306694;8008;102142;596.1059995;601;6886;67.53159279
11/04/2021;6238;105141;222.0757831;1730;44750;65.67913814;117900;513400;783.8715692;2706;227506;271.5389066;15737;237757;393.2348983;8427;102871;600.3604812;566;7087;69.50281704
12/04/2021;9163;107212;226.4500894;3568;43664;64.08522654;8555;512845;783.0241817;12446;229655;274.1038372;9780;234637;388.0746175;6731;102663;599.1465825;271;7049;69.13014778
13/04/2021;8857;109088;230.4125224;2472;42096;61.78388825;39125;521251;795.8586663;29421;235395;280.954792;13439;232021;383.7479205;6779;103376;603.3076874;408;7069;69.32628949
14/04/2021;9008;111019;234.4911249;2491;40535;59.49282379;43507;505704;772.1211297;31117;241498;288.2390041;16160;224294;370.9679559;5582;100737;587.9063468;684;7135;69.97355715
15/04/2021;8205;112413;237.4354914;2672;38728;56.84070753;38081;493074;752.8373395;25110;243929;291.1405147;16963;219073;362.3327552;8890;101306;591.2270602;501;7044;69.08111235
16/04/2021;8515;115080;243.0686517;2596;37922;55.6577492;36451;482847;737.2225079;23856;251752;300.4776261;15923;213079;352.4190619;9041;102700;599.3625164;553;7049;69.13014778
17/04/2021;6951;115208;243.3390097;2206;36705;53.87157018;35872;518631;791.8583868;20197;268276;320.1997824;15364;207196;342.6889555;8397;102958;600.8682177;649;7418;72.74896243
18/04/2021;6398;114782;242.4392248;1882;36290;53.26247873;29345;467347;713.556732;1217;259193;309.3588029;12688;201867;333.8751297;8569;104419;609.3946894;441;7666;75.18111971
19/04/2021;8834;114816;242.5110386;2963;36491;53.55748447;6708;463258;707.3135477;11615;264828;316.0844354;8863;200050;330.8699277;7161;106041;618.8607653;220;7727;75.77935195
20/04/2021;9510;114994;242.887005;2524;36636;53.77029955;44076;499280;762.3128108;31397;288632;344.4956075;12069;204356;337.9917768;6880;107169;625.4438317;424;7277;71.36616334
21/04/2021;8205;114424;241.6830675;2396;36269;53.23165723;34924;533244;814.1698695;24354;282609;337.3068792;13836;204506;338.2398673;8590;109329;638.0497036;610;7224;70.84638779
22/04/2021;8144;114321;241.4655139;2729;35968;52.78988247;33445;469519;716.8729943;31721;287820;343.5264481;16046;203343;336.3163395;9682;110719;646.1618155;636;7258;71.17982871
23/04/2021;8122;113818;240.4030918;2678;35496;52.09713268;32340;501700;766.0077255;22262;286147;341.5296454;14758;199177;329.4260415;9284;112021;653.7603549;506;7070;69.33609658
24/04/2021;6562;112712;238.0670306;2061;34968;51.32219223;32642;532971;813.7530465;14422;281841;336.3902357;13814;195440;323.2452821;8107;112120;654.338124;567;7036;69.00265566
25/04/2021;5673;112147;236.8736539;1712;34950;51.29577381;24465;439536;671.0942229;15399;294534;351.5399168;13157;192860;318.9781268;8061;111754;652.2021291;478;6948;68.13963211
26/04/2021;8509;111493;235.492294;2064;33446;49.08836769;5959;436940;667.1305871;5961;288049;343.7997701;8440;191520;316.7618523;6232;111255;649.2899393;196;6873;67.40410068
27/04/2021;8199;110835;234.1024854;2685;33659;49.40098571;30323;428138;653.6914801;25911;284539;339.6104232;10398;188479;311.7322325;5369;109845;641.0611063;353;6818;66.86471096
28/04/2021;7623;109450;231.1771284;2166;33334;48.92398639;31582;416213;635.4841009;28263;281685;336.2040425;13382;185701;307.1375979;8670;112933;659.0828341;572;6706;65.76631735
29/04/2021;6669;107914;227.9328335;2445;33107;48.5908207;26548;404680;617.8752369;24212;280787;335.1322381;14314;183052;302.756321;8689;112732;657.9097877;470;6675;65.46229769
30/04/2021;7209;106608;225.1743381;2381;32892;48.2752673;24302;392531;599.3258491;14326;271257;323.7577435;13445;180574;298.6578672;7808;111499;650.7139359;460;6582;64.55023871
